0.6071,0.2625,0.812,1,0.1000
0.3661,0.0063,1.000,1,0.1000
0.3571,0.5250,1.000,1,0.1000
1.0000,1.0000,0.000,1,0.9000
0.9821,0.9259,0.125,1,0.7000
0.1429,0.2250,1.000,1,0.0000
1.0000,1.0000,0.000,1,1.0000
1.0000,1.0000,0.000,1,1.0000
0.9107,0.2625,1.000,1,0.2000
0.0625,0.1500,1.000,1,0.1000
0.9732,0.9732,0.000,1,0.6000
0.0089,0.0063,1.000,1,0.0000
0.1875,0.1875,0.000,1,1.0000
0.0714,0.0125,1.000,1,0.1000
0.0000,0.0000,0.000,1,1.0000
0.1875,0.0500,1.000,1,0.1000
1.0000,1.0000,0.000,1,1.0000
0.5000,0.3750,0.375,1,0.2000
0.0000,0.0438,1.000,1,0.1000
0.0446,0.1768,0.250,1,0.5000
1.0000,1.0000,0.000,1,1.0000
0.0000,0.0000,0.062,0,0.0000
0.3036,0.1500,1.000,1,0.3000
0.7679,0.4938,1.000,1,0.8000
0.0000,0.0188,1.000,1,0.0000
0.3036,0.2687,0.750,1,0.8000
0.0000,0.0250,1.000,1,0.0000
0.0357,0.0652,0.938,1,0.2000
0.7232,0.7232,0.000,1,0.1000
1.0000,1.0000,0.062,1,1.0000
1.0000,1.0000,0.062,1,1.0000
0.8750,0.2438,1.000,1,0.7000
0.9554,0.9554,0.000,1,1.0000
0.0089,0.0277,0.875,0,0.0000
1.0000,1.0000,0.000,1,0.7000
1.0000,1.0000,0.000,1,1.0000
0.3125,0.3188,1.000,1,0.1000
0.9643,0.8643,0.125,1,0.6000
1.0000,1.0000,0.188,1,1.0000
0.0000,0.0000,0.000,0,0.0000
0.0179,0.0875,1.000,1,0.1000
1.0000,1.0000,0.062,1,0.3000
0.9286,0.9911,0.062,1,1.0000
1.0000,1.0000,0.000,1,1.0000
0.0000,0.0375,1.000,1,0.1000
1.0000,1.0000,0.000,1,1.0000
0.9911,0.9911,0.000,1,0.9000
1.0000,1.0000,0.000,1,0.8000
0.9911,0.9848,0.125,1,1.0000
0.4375,0.1625,1.000,1,0.5000
0.8839,0.9429,0.438,1,1.0000
0.0089,0.0063,1.000,1,0.1000
0.0268,0.1500,1.000,1,0.1000
1.0000,1.0000,0.000,1,1.0000
1.0000,1.0000,0.000,1,1.0000
0.0000,0.0000,1.000,1,0.0000
0.1250,0.0536,0.125,1,0.0000
0.0000,0.0188,1.000,1,0.0000
0.0000,0.0000,0.562,0,0.0000
0.9732,0.4000,0.812,1,0.3000
0.8571,0.3312,0.812,1,0.1000
1.0000,1.0000,0.000,1,1.0000
0.7679,0.7554,0.062,1,1.0000
0.9018,0.8946,0.188,1,0.5000
0.0000,0.0000,1.000,1,0.1000
0.0000,0.0000,1.000,1,0.0000
0.9732,0.9732,0.000,1,0.7000
0.1696,0.1187,0.938,1,0.8000
0.0000,0.0000,0.000,1,1.0000
1.0000,1.0000,0.000,1,1.0000
1.0000,1.0000,0.000,1,1.0000
1.0000,1.0000,0.000,1,1.0000
1.0000,1.0000,0.000,1,1.0000
0.0536,0.0813,0.250,1,1.0000
1.0000,1.0000,0.000,1,1.0000
0.4643,0.4643,0.000,1,0.3000
0.5446,0.4437,1.000,1,0.9000
0.1429,0.1741,0.750,1,0.1000
0.0625,0.0813,1.000,1,0.1000
0.5089,0.4688,1.000,1,0.4000
0.0000,0.0125,0.250,1,0.4000
0.0179,0.0063,1.000,0,0.0000
0.0000,0.0000,1.000,1,0.0000
0.9196,0.7973,0.750,1,1.0000
1.0000,1.0000,0.000,1,1.0000
1.0000,1.0000,0.000,1,1.0000
0.5893,0.3375,1.000,1,0.4000
1.0000,1.0000,0.000,1,1.0000
0.0714,0.0750,1.000,1,0.1000
0.8571,0.8313,0.625,1,0.9000
1.0000,0.9625,0.125,1,0.9000
0.7857,0.1875,1.000,1,0.1000
0.0000,0.0188,0.938,1,0.0000
0.0000,0.0000,0.500,1,0.0000
0.7321,0.6813,1.000,1,0.6000
0.1250,0.0625,1.000,1,0.2000
0.0000,0.0000,1.000,0,0.0000
0.0000,0.0000,0.562,1,0.0000
0.9732,0.9938,0.875,1,1.0000
0.0804,0.0687,0.250,1,0.0000
1.0000,0.7750,0.438,1,0.4000
0.0000,0.0000,0.750,1,0.0000
0.9911,0.9911,0.000,1,1.0000
1.0000,1.0000,0.000,1,1.0000
0.9911,0.9938,0.312,1,1.0000
0.8304,0.5687,0.875,1,0.2000
0.2679,0.3750,1.000,1,0.7000
0.0000,0.0375,0.812,1,0.0000
1.0000,1.0000,0.000,1,1.0000
0.0000,0.0000,0.000,1,1.0000
0.0179,0.0500,0.875,1,0.0000
0.0089,0.0375,1.000,1,0.0000
0.0536,0.0188,1.000,0,0.0000
0.0625,0.0188,1.000,1,0.1000
0.0625,0.0688,1.000,1,0.1000
0.0357,0.0188,0.938,0,0.0000
0.8125,0.9250,1.000,1,1.0000
0.7768,0.3786,0.750,1,0.3000
0.0089,0.0277,0.438,1,0.3000
1.0000,1.0000,0.000,1,1.0000
0.9821,0.9821,0.000,1,0.9000
1.0000,1.0000,0.000,1,1.0000
0.9018,0.9196,0.188,1,1.0000
0.9643,0.9295,0.062,1,1.0000
0.0089,0.0500,1.000,1,0.0000
1.0000,0.7812,0.688,1,0.8000
0.9375,0.9375,0.000,1,0.1000
0.2857,0.3286,0.938,1,0.7000
0.0000,0.1000,1.000,1,0.4000
1.0000,1.0000,0.000,1,1.0000
0.9821,0.9563,0.875,1,1.0000
0.3929,0.0688,1.000,1,0.1000
1.0000,0.9812,0.062,1,1.0000
0.6786,0.3500,0.812,1,0.0000
0.9375,0.9375,0.000,1,1.0000
0.0179,0.0437,1.000,0,0.0000
0.9286,0.9286,0.000,1,0.9000
0.9911,0.9348,0.125,1,1.0000
0.9464,0.9464,0.062,1,1.0000
0.9732,0.9812,0.750,1,1.0000
0.9911,0.9911,0.000,1,1.0000
0.8571,0.8009,0.188,1,0.1000
1.0000,1.0000,0.000,1,1.0000
1.0000,1.0000,0.000,1,0.8000
0.9732,0.9732,0.000,1,1.0000
1.0000,1.0000,0.000,1,1.0000
1.0000,1.0000,0.000,1,0.5000
0.5179,0.2402,0.938,1,0.0000
0.0625,0.1500,1.000,1,0.1000
0.0089,0.2000,1.000,1,0.2000
0.8036,0.4500,0.938,1,0.6000
0.9821,0.9821,0.000,1,0.9000
0.8929,0.8929,0.000,1,1.0000
0.0000,0.0000,0.000,1,0.9000
0.0268,0.0188,1.000,1,0.0000
1.0000,1.0000,0.000,1,1.0000
0.8750,0.8750,0.000,1,1.0000
0.9911,1.0000,0.062,1,1.0000
1.0000,1.0000,0.000,1,1.0000
0.0000,0.0063,1.000,1,0.0000
0.0536,0.0625,0.875,1,0.0000
0.0268,0.0563,1.000,1,0.2000
0.1875,0.1875,0.000,1,1.0000
0.4643,0.5161,0.875,1,0.4000
0.0000,0.0000,0.000,1,0.5000
0.0625,0.0250,0.938,1,0.0000
0.9375,0.1625,1.000,1,0.1000
0.0714,0.0438,1.000,0,0.2000
0.2946,0.2857,0.062,1,0.1000
1.0000,1.0000,0.000,1,1.0000
1.0000,1.0000,0.000,1,1.0000
1.0000,1.0000,0.312,1,1.0000
1.0000,0.7688,0.875,1,0.4000
1.0000,1.0000,0.000,1,1.0000
1.0000,1.0000,0.000,1,0.5000
0.9911,0.9911,0.000,1,1.0000
0.0357,0.0152,0.875,1,0.2000
1.0000,0.9625,0.500,1,1.0000
1.0000,1.0000,0.000,1,1.0000
1.0000,1.0000,0.000,1,1.0000
0.0625,0.0625,0.000,1,0.9000
0.2411,0.2188,1.000,1,0.2000
0.0000,0.0000,1.000,1,0.0000
0.0000,0.0000,0.000,1,0.1000
0.9821,0.9750,0.750,1,1.0000
0.0179,0.0563,1.000,1,0.1000
1.0000,1.0000,0.000,1,1.0000
1.0000,1.0000,0.000,1,1.0000
0.5536,0.0875,1.000,1,0.0000
0.6875,0.4250,0.625,1,0.1000
1.0000,1.0000,0.000,1,1.0000
0.9554,0.8063,1.000,1,0.9000
0.0536,0.0063,0.938,1,0.0000
0.8571,0.8634,0.125,1,0.8000
0.2857,0.2295,0.062,1,0.1000
1.0000,1.0000,0.000,1,1.0000
0.0000,0.0000,0.000,1,1.0000
0.0000,0.1438,1.000,1,0.1000
0.0625,0.0813,0.875,1,0.0000
0.9911,0.9911,0.000,1,1.0000
0.1964,0.1000,1.000,1,0.0000
0.0000,0.0000,0.000,1,1.0000
0.9821,0.9821,0.000,1,1.0000
0.2768,0.4473,0.812,1,0.8000
0.9732,0.8982,0.125,1,0.9000
0.6786,0.6804,0.375,1,1.0000
0.0000,0.0063,1.000,0,0.0000
0.4286,0.3598,0.500,1,0.4000
0.2411,0.1598,0.125,1,0.2000
1.0000,1.0000,0.000,1,1.0000
0.9375,0.9375,0.000,1,1.0000
0.5893,0.3902,0.500,1,0.0000
1.0000,1.0000,0.000,1,1.0000
0.9821,0.9821,0.000,1,1.0000
0.1875,0.1375,0.812,1,0.0000
0.9643,0.9393,0.062,1,0.9000
0.9821,0.9446,0.125,1,0.7000
1.0000,1.0000,0.000,1,1.0000
1.0000,0.9625,0.125,1,0.6000
0.5625,0.2875,0.938,1,0.8000
0.6071,0.6509,0.812,1,0.3000
1.0000,1.0000,0.000,1,1.0000
1.0000,0.9250,0.125,1,0.9000
1.0000,0.9938,0.625,1,1.0000
0.4911,0.1063,1.000,1,0.3000
0.0179,0.0625,1.000,1,0.1000
1.0000,1.0000,0.062,1,1.0000
0.1250,0.3375,1.000,1,0.8000
0.8393,0.6071,0.812,1,0.8000
0.0357,0.0241,0.562,1,0.0000
0.4375,0.2687,0.500,1,0.8000
0.9375,0.9375,0.000,1,1.0000
1.0000,1.0000,0.000,1,1.0000
1.0000,1.0000,0.188,1,1.0000
0.8482,0.7884,0.625,1,0.8000
1.0000,1.0000,0.000,1,1.0000
0.9911,0.9911,0.000,1,0.8000
1.0000,1.0000,0.000,1,1.0000
0.9732,0.9732,0.000,1,1.0000
0.0179,0.1250,1.000,1,0.2000
0.1250,0.0125,0.875,1,0.1000
1.0000,1.0000,0.000,1,1.0000
1.0000,1.0000,0.000,1,0.8000
0.0089,0.0500,1.000,1,0.1000
0.9911,0.4688,1.000,1,0.7000
0.1339,0.0991,0.750,1,0.0000
0.0000,0.0063,0.938,1,0.0000
0.0089,0.0125,1.000,0,0.0000
0.6518,0.5500,0.938,1,0.7000
0.0000,0.0063,0.938,1,0.0000
0.0714,0.0152,0.250,1,0.0000
0.9911,0.9500,0.188,1,0.8000
1.0000,1.0000,0.000,1,1.0000
0.9018,0.9018,0.000,1,0.1000
0.0179,0.0000,1.000,1,0.0000
0.6607,0.7196,0.312,1,0.9000
