0.0268,0.2437,1.000,0
0.0089,0.0964,0.188,0
0.7143,0.5312,1.000,1
1.0000,1.0000,0.000,1
1.0000,1.0000,0.000,1
0.0268,0.1063,1.000,0
0.9107,0.7375,1.000,1
0.0000,0.0563,1.000,0
0.9018,0.9018,0.000,1
1.0000,1.0000,0.000,1
0.7589,0.8063,0.062,1
0.0893,0.3125,1.000,1
1.0000,1.0000,0.000,1
0.9375,0.9375,0.000,1
0.1250,0.1250,0.000,1
0.0893,0.0893,0.000,1
1.0000,1.0000,0.000,1
0.9821,0.9821,0.000,1
0.0893,0.2750,1.000,0
0.4286,0.3625,0.812,1
0.9911,0.8661,0.812,1
0.2411,0.2411,0.000,1
1.0000,1.0000,0.000,1
1.0000,1.0000,0.000,1
0.0000,0.0063,1.000,0
0.1250,0.1250,0.000,1
0.8125,0.7125,1.000,1
0.9911,0.9911,0.000,1
0.4196,0.5312,1.000,1
1.0000,1.0000,0.000,1
1.0000,1.0000,0.000,1
0.2054,0.5000,1.000,1
1.0000,1.0000,0.000,1
0.9464,0.9464,0.000,1
0.0625,0.1750,0.125,1
0.9732,0.9732,0.000,1
1.0000,1.0000,0.000,1
0.5446,0.5821,0.438,1
1.0000,1.0000,0.000,1
1.0000,0.9563,0.375,1
0.9911,0.4000,1.000,1
1.0000,0.9313,0.188,1
1.0000,1.0000,0.000,1
1.0000,1.0000,0.000,1
0.1161,0.3661,0.438,1
0.8839,0.8839,0.000,1
1.0000,0.9563,0.562,1
0.0000,0.0063,1.000,0
1.0000,1.0000,0.125,1
1.0000,0.9875,0.500,1
0.1339,0.4464,0.875,1
0.7411,0.6500,1.000,1
1.0000,1.0000,0.000,1
0.9821,0.9821,0.000,1
0.0625,0.0625,0.000,1
0.9911,0.9911,0.000,1
0.9911,0.9848,0.125,1
1.0000,1.0000,0.000,1
0.1250,0.1250,0.000,1
0.0714,0.2402,0.938,1
0.8661,0.8661,0.000,1
0.0000,0.0750,1.000,0
0.0000,0.1250,0.125,1
0.0089,0.0688,1.000,1
0.0000,0.0125,1.000,0
0.3125,0.2375,1.000,1
0.0000,0.2938,1.000,0
0.0000,0.0063,0.188,1
0.8125,0.7750,0.125,1
0.0625,0.1250,1.000,1
0.0000,0.5000,0.500,1
0.0000,0.0188,0.312,0
0.7500,0.7500,0.125,1
0.0000,0.4625,1.000,1
0.0000,0.3250,1.000,1
0.0000,0.4062,1.000,0
0.0000,0.0563,1.000,0
0.0000,0.2250,0.375,1
0.0000,0.4688,1.000,1
0.0000,0.0000,0.000,0
0.0000,0.0000,0.000,1
0.0000,0.0000,0.000,1
0.0000,0.3063,0.688,0
0.0000,0.0000,0.000,1
0.0000,0.4562,1.000,0
0.0000,0.0188,1.000,0
0.0000,0.3125,1.000,1
0.0000,0.0000,0.000,1
0.0000,0.0875,1.000,1
0.0000,0.0000,0.000,1
0.0000,0.2063,1.000,0
0.0000,0.0437,0.188,0
0.0000,0.0000,0.000,1
0.0000,0.1562,1.000,0
0.0000,0.1750,0.812,1
0.0000,0.0063,1.000,0
0.0000,0.7625,0.875,1
0.0000,0.3000,1.000,1
0.0000,0.0000,0.000,1
0.0000,0.0000,0.000,1
0.0000,0.1125,0.188,1
0.0000,0.0000,0.000,1
0.0000,0.1125,1.000,1
0.0000,0.0375,0.250,1
0.0000,0.2625,0.375,1
0.0000,0.1438,1.000,0
0.0000,0.0000,0.000,1
0.0000,0.0000,0.000,1
0.0000,0.8562,0.938,1
0.0000,0.7125,0.875,1
0.0000,0.0000,0.000,1
0.0000,0.0000,0.000,1
0.0000,0.1063,1.000,0
0.0000,0.0000,0.000,1
0.0000,0.0813,1.000,1
0.0000,0.3125,0.312,1
0.0000,0.0000,0.000,1
0.0000,0.0000,0.000,1
0.0000,0.0000,0.000,1
0.0000,0.0875,1.000,0
0.0000,0.1938,1.000,1
0.0000,0.4875,1.000,1
0.0000,0.0000,0.000,1
0.0000,0.2500,0.375,1
0.0000,0.0312,1.000,0
0.0000,0.1750,1.000,0
0.0000,0.4250,1.000,0
0.0000,0.8313,1.000,1
0.0000,0.3500,0.688,1
0.0000,0.0125,1.000,0
0.0000,0.2750,1.000,0
0.0000,0.0875,0.375,0
0.0000,0.0250,0.938,1
0.0000,0.0000,0.000,1
0.0000,0.0000,0.000,1
0.0000,0.0000,1.000,0
0.0625,0.1750,1.000,1
0.0000,0.4313,0.812,1
0.0000,0.0188,0.938,0
0.9286,0.9286,0.000,1
0.0000,0.0000,0.000,1
0.0179,0.0938,1.000,1
1.0000,0.7500,0.750,1
1.0000,1.0000,0.062,1
1.0000,1.0000,0.000,1
0.0982,0.2375,1.000,1
1.0000,1.0000,0.000,1
1.0000,0.9375,0.875,1
0.9464,0.9464,0.000,1
1.0000,0.9938,0.625,1
0.1161,0.1161,0.000,1
0.0089,0.0000,1.000,0
1.0000,0.9938,0.062,1
0.1161,0.1250,1.000,1
0.1161,0.0938,1.000,0
1.0000,1.0000,0.000,1
1.0000,1.0000,0.062,1
0.0000,0.0063,1.000,0
0.9375,0.9250,0.250,1
0.0179,0.3812,1.000,0
0.0000,0.0000,0.000,1
0.9375,0.9375,0.000,1
0.9911,0.9911,0.000,1
0.0536,0.1000,0.875,1
0.0000,0.0688,1.000,1
0.0000,0.4000,1.000,0
0.9911,0.9911,0.000,1
0.3750,0.1938,1.000,1
0.0089,0.0938,1.000,0
0.0000,0.0000,0.000,1
0.0000,0.0000,0.000,0
0.0625,0.6375,0.750,1
0.1071,0.0750,1.000,1
0.1429,0.5188,1.000,1
0.0000,0.0000,0.000,1
0.0000,0.0063,0.062,1
0.0000,0.0000,0.000,1
0.0357,0.2375,1.000,1
0.0000,0.1812,0.938,1
0.0000,0.1688,1.000,0
1.0000,1.0000,0.000,1
0.1250,0.8250,0.875,1
0.0000,0.0438,1.000,0
0.0000,0.0000,0.000,1
1.0000,1.0000,0.188,1
0.0000,0.2250,0.375,0
0.0000,0.0000,0.000,1
0.0000,0.4000,0.688,1
0.0714,0.1714,0.188,1
0.0000,0.4750,0.500,1
0.0000,0.0000,0.000,1
0.0000,0.0063,1.000,0
0.5000,0.6250,0.125,1
0.0000,0.4312,1.000,1
0.0000,0.2375,0.875,1
0.0000,0.3438,0.750,1
0.0000,0.1688,1.000,1
0.0000,0.0000,0.000,1
0.0000,0.0000,0.000,1
0.0000,0.0625,0.062,1
0.0000,0.4125,1.000,0
0.0000,0.0000,0.000,0
0.0000,0.6813,1.000,1
0.0000,0.1250,1.000,1
0.0000,0.2938,1.000,1
0.0000,0.1562,0.188,1
0.0000,0.2000,1.000,1
0.0000,0.0000,0.000,1
0.0000,0.2625,0.812,1
0.0000,0.0000,0.000,1
0.0000,0.1188,0.875,1
0.0000,0.5188,0.688,1
0.0000,0.0000,0.000,1
0.0000,0.0000,0.000,1
0.0000,0.6875,1.000,1
0.0000,0.2437,1.000,1
0.0000,0.1812,1.000,1
0.0000,0.0625,0.062,1
0.0000,0.0563,0.062,1
0.0000,0.1688,1.000,1
0.0000,0.2500,0.688,1
0.0000,0.1688,1.000,1
0.0000,0.0000,0.000,1
0.0000,0.1000,0.688,1
0.0000,0.0000,0.000,1
0.0000,0.0000,0.000,1
0.0000,0.7875,0.938,1
0.0000,0.4188,0.938,1
0.0000,0.9938,1.000,1
0.0000,0.0000,0.000,1
0.0000,0.0000,0.000,1
0.0000,0.1187,0.125,1
0.0000,0.3500,1.000,1
0.0000,0.0938,1.000,1
0.0000,0.0000,0.000,0
0.0000,0.0000,0.000,1
0.0000,0.1000,0.812,1
0.0000,0.0000,0.000,1
0.0000,0.1250,0.188,1
0.0000,0.0000,0.000,0
0.0000,0.0000,0.000,1
0.0000,0.0000,0.000,1
0.0000,0.0250,0.125,1
0.0000,0.3125,0.312,1
0.0000,0.2125,1.000,0
0.0000,0.0625,0.062,1
0.0000,0.0000,0.000,1
0.0000,0.1250,0.125,1
0.0000,0.0000,0.500,0
0.0000,0.0000,0.000,1
0.0000,0.0000,0.000,1
0.0000,0.4125,0.500,1
0.0000,0.5375,1.000,1
0.0000,0.0000,0.000,1
0.0000,0.7063,1.000,1
0.0000,0.0063,0.375,1
